id,type,title,description,action,impact,effort,priority,connected_to,expected_benefit
REC-TIME-001,temporal_monitoring,"Time-Based Fraud Detection for ""hours_since_signup""","Feature ""hours_since_signup"" has high importance (0.0944). Fraud patterns show strong time dependence.","Implement time-based monitoring rules. Flag transactions during high-risk time periods identified by the model. For example, increase scrutiny for transactions occurring at unusual hours or specific time intervals after account creation.",high,medium,P1,"SHAP insight: ""hours_since_signup"" is a top predictor of fraud",Reduce fraud by targeting time-based patterns
REC-AMT-002,transaction_monitoring,"Transaction Amount Monitoring for ""purchase_value""","""purchase_value"" significantly impacts fraud predictions (0.0000). Transaction values are strong fraud indicators.",Set transaction amount thresholds and implement tiered verification. Require additional authentication for transactions above specific amounts. Monitor for unusual spending patterns and velocity.,high,low,P1,"SHAP insight: ""purchase_value"" value strongly influences fraud probability",Catch high-value fraud and unusual spending patterns
REC-USER-003,user_behavior,"User Behavior Analysis for ""age""","""age"" provides important user context (0.0000). User characteristics and behavior patterns affect fraud risk.",Implement user profiling and behavior analysis. Monitor for anomalies in user behavior patterns. Consider risk scoring based on user attributes and historical behavior.,medium,high,P2,"SHAP insight: ""age"" contributes to user risk assessment",Identify suspicious user behavior and account takeover attempts
REC-USER-004,user_behavior,"User Behavior Analysis for ""ip_address""","""ip_address"" provides important user context (0.0000). User characteristics and behavior patterns affect fraud risk.",Implement user profiling and behavior analysis. Monitor for anomalies in user behavior patterns. Consider risk scoring based on user attributes and historical behavior.,medium,high,P2,"SHAP insight: ""ip_address"" contributes to user risk assessment",Identify suspicious user behavior and account takeover attempts
REC-TIME-005,temporal_monitoring,"Time-Based Fraud Detection for ""purchase_hour""","Feature ""purchase_hour"" has high importance (0.0000). Fraud patterns show strong time dependence.","Implement time-based monitoring rules. Flag transactions during high-risk time periods identified by the model. For example, increase scrutiny for transactions occurring at unusual hours or specific time intervals after account creation.",high,medium,P1,"SHAP insight: ""purchase_hour"" is a top predictor of fraud",Reduce fraud by targeting time-based patterns
REC-GEN-001,model_improvement,Improve Model Detection Rate,Current model shows room for improvement in fraud detection.,"1. Retrain model with additional features
2. Implement ensemble of multiple models
3. Add real-time feedback loop
4. Optimize prediction threshold based on business costs",high,high,P1,Overall model performance analysis,Increase fraud detection rate while maintaining acceptable false positive rate
REC-GEN-002,multi_layer,Implement Multi-Layer Fraud Detection,No single model catches all fraud. Defense-in-depth approach is essential.,"1. First layer: ML model (current implementation)
2. Second layer: Rule-based system (business rules)
3. Third layer: Manual review for edge cases
4. Fourth layer: Continuous learning from new patterns",high,medium,P1,Analysis of false positives and false negatives,Comprehensive fraud coverage with reduced false positives
REC-GEN-003,continuous_monitoring,Continuous Model Monitoring and Retraining,Fraud patterns evolve over time. Static models become less effective.,"1. Implement model performance tracking dashboard
2. Set up automated retraining pipeline (monthly)
3. Monitor feature drift and concept drift
4. Regular A/B testing of new model versions",medium,medium,P2,Time-based pattern analysis,Maintain model effectiveness as fraud patterns change
